"nama_file","kelas","tanggal","kondisi_cahaya"
"arduino_uno_20261006_lab_redup_001.png","arduino_uno","2026-10-07","belum_dicatat"
"arduino_uno_20261006_lab_redup_002.png","arduino_uno","2026-10-07","belum_dicatat"
"arduino_uno_20261006_lab_redup_003.png","arduino_uno","2026-10-07","belum_dicatat"
"arduino_uno_20261006_lab_redup_004.png","arduino_uno","2026-10-07","belum_dicatat"
"arduino_uno_20261006_lab_redup_005.png","arduino_uno","2026-10-07","belum_dicatat"
"arduino_uno_20261006_lab_redup_006.png","arduino_uno","2026-10-07","belum_dicatat"
"arduino_uno_20261006_lab_redup_007.png","arduino_uno","2026-10-07","belum_dicatat"
"arduino_uno_20261006_lab_redup_008.png","arduino_uno","2026-10-07","belum_dicatat"
"arduino_uno_20261006_lab_redup_009.png","arduino_uno","2026-10-07","belum_dicatat"
"arduino_uno_20261006_lab_redup_010.png","arduino_uno","2026-10-07","belum_dicatat"
"arduino_uno_20261006_lab_redup_011.png","arduino_uno","2026-10-07","belum_dicatat"
"arduino_uno_20261006_lab_redup_012.png","arduino_uno","2026-10-07","belum_dicatat"
"arduino_uno_20261006_lab_redup_013.png","arduino_uno","2026-10-07","belum_dicatat"
"arduino_uno_20261006_lab_redup_014.png","arduino_uno","2026-10-07","belum_dicatat"
"arduino_uno_20261006_lab_redup_015.png","arduino_uno","2026-10-07","belum_dicatat"
"arduino_uno_20261006_lab_redup_016.png","arduino_uno","2026-10-07","belum_dicatat"
"arduino_uno_20261006_lab_redup_017.png","arduino_uno","2026-10-07","belum_dicatat"
"arduino_uno_20261006_lab_redup_018.png","arduino_uno","2026-10-07","belum_dicatat"
"arduino_uno_20261006_lab_redup_019.png","arduino_uno","2026-10-07","belum_dicatat"
"arduino_uno_20261006_lab_redup_020.png","arduino_uno","2026-10-07","belum_dicatat"
"arduino_uno_20261006_lab_redup_021.png","arduino_uno","2026-10-07","belum_dicatat"
"arduino_uno_20261006_lab_redup_022.png","arduino_uno","2026-10-07","belum_dicatat"
"arduino_uno_20261006_lab_redup_023.png","arduino_uno","2026-10-07","belum_dicatat"
"arduino_uno_20261006_lab_redup_024.png","arduino_uno","2026-10-07","belum_dicatat"
"arduino_uno_20261006_lab_redup_025.png","arduino_uno","2026-10-07","belum_dicatat"
"arduino_uno_20261006_lab_redup_026.png","arduino_uno","2026-10-07","belum_dicatat"
"arduino_uno_20261006_lab_redup_027.png","arduino_uno","2026-10-07","belum_dicatat"
"arduino_uno_20261006_lab_redup_028.png","arduino_uno","2026-10-07","belum_dicatat"
"arduino_uno_20261006_lab_redup_029.png","arduino_uno","2026-10-07","belum_dicatat"
"arduino_uno_20261006_lab_redup_030.png","arduino_uno","2026-10-07","belum_dicatat"
"arduino_uno_20261006_lab_redup_031.png","arduino_uno","2026-10-07","belum_dicatat"
"arduino_uno_20261006_lab_redup_032.png","arduino_uno","2026-10-07","belum_dicatat"
"arduino_uno_20261006_lab_redup_033.png","arduino_uno","2026-10-07","belum_dicatat"
"arduino_uno_20261006_lab_redup_034.png","arduino_uno","2026-10-07","belum_dicatat"
"arduino_uno_20261006_lab_redup_035.png","arduino_uno","2026-10-07","belum_dicatat"
"arduino_uno_20261006_lab_redup_036.png","arduino_uno","2026-10-07","belum_dicatat"
"arduino_uno_20261006_lab_redup_037.png","arduino_uno","2026-10-07","belum_dicatat"
"arduino_uno_20261006_lab_redup_038.png","arduino_uno","2026-10-07","belum_dicatat"
"arduino_uno_20261006_lab_redup_039.png","arduino_uno","2026-10-07","belum_dicatat"
"arduino_uno_20261006_lab_redup_040.png","arduino_uno","2026-10-07","belum_dicatat"
"arduino_uno_20261006_lab_redup_041.png","arduino_uno","2026-10-07","belum_dicatat"
"arduino_uno_20261006_lab_redup_042.png","arduino_uno","2026-10-07","belum_dicatat"
"arduino_uno_20261006_lab_redup_043.png","arduino_uno","2026-10-07","belum_dicatat"
"arduino_uno_20261006_lab_redup_044.png","arduino_uno","2026-10-07","belum_dicatat"
"arduino_uno_20261006_lab_redup_045.png","arduino_uno","2026-10-07","belum_dicatat"
"arduino_uno_20261006_lab_redup_046.png","arduino_uno","2026-10-07","belum_dicatat"
"arduino_uno_20261006_lab_redup_047.png","arduino_uno","2026-10-07","belum_dicatat"
"arduino_uno_20261006_lab_redup_048.png","arduino_uno","2026-10-07","belum_dicatat"
"arduino_uno_20261006_lab_redup_049.png","arduino_uno","2026-10-07","belum_dicatat"
"arduino_uno_20261006_lab_redup_050.png","arduino_uno","2026-10-07","belum_dicatat"
"arduino_uno_20261006_lab_terang_002.png","arduino_uno","2026-10-07","belum_dicatat"
"arduino_uno_20261006_lab_terang_003.png","arduino_uno","2026-10-07","belum_dicatat"
"arduino_uno_20261006_lab_terang_004.png","arduino_uno","2026-10-07","belum_dicatat"
"arduino_uno_20261006_lab_terang_005.png","arduino_uno","2026-10-07","belum_dicatat"
"arduino_uno_20261006_lab_terang_006.png","arduino_uno","2026-10-07","belum_dicatat"
"arduino_uno_20261006_lab_terang_007.png","arduino_uno","2026-10-07","belum_dicatat"
"arduino_uno_20261006_lab_terang_008.png","arduino_uno","2026-10-07","belum_dicatat"
"arduino_uno_20261006_lab_terang_009.png","arduino_uno","2026-10-07","belum_dicatat"
"arduino_uno_20261006_lab_terang_010.png","arduino_uno","2026-10-07","belum_dicatat"
"arduino_uno_20261006_lab_terang_011.png","arduino_uno","2026-10-07","belum_dicatat"
"arduino_uno_20261006_lab_terang_012.png","arduino_uno","2026-10-07","belum_dicatat"
"arduino_uno_20261006_lab_terang_013.png","arduino_uno","2026-10-07","belum_dicatat"
"arduino_uno_20261006_lab_terang_014.png","arduino_uno","2026-10-07","belum_dicatat"
"arduino_uno_20261006_lab_terang_015.png","arduino_uno","2026-10-07","belum_dicatat"
"arduino_uno_20261006_lab_terang_016.png","arduino_uno","2026-10-07","belum_dicatat"
"arduino_uno_20261006_lab_terang_017.png","arduino_uno","2026-10-07","belum_dicatat"
"arduino_uno_20261006_lab_terang_018.png","arduino_uno","2026-10-07","belum_dicatat"
"arduino_uno_20261006_lab_terang_019.png","arduino_uno","2026-10-07","belum_dicatat"
"arduino_uno_20261006_lab_terang_020.png","arduino_uno","2026-10-07","belum_dicatat"
"arduino_uno_20261006_lab_terang_021.png","arduino_uno","2026-10-07","belum_dicatat"
"arduino_uno_20261006_lab_terang_022.png","arduino_uno","2026-10-07","belum_dicatat"
"arduino_uno_20261006_lab_terang_023.png","arduino_uno","2026-10-07","belum_dicatat"
"arduino_uno_20261006_lab_terang_024.png","arduino_uno","2026-10-07","belum_dicatat"
"arduino_uno_20261006_lab_terang_025.png","arduino_uno","2026-10-07","belum_dicatat"
"arduino_uno_20261006_lab_terang_026.png","arduino_uno","2026-10-07","belum_dicatat"
"arduino_uno_20261006_lab_terang_027.png","arduino_uno","2026-10-07","belum_dicatat"
"arduino_uno_20261006_lab_terang_028.png","arduino_uno","2026-10-07","belum_dicatat"
"arduino_uno_20261006_lab_terang_029.png","arduino_uno","2026-10-07","belum_dicatat"
"arduino_uno_20261006_lab_terang_030.png","arduino_uno","2026-10-07","belum_dicatat"
"arduino_uno_20261006_lab_terang_031.png","arduino_uno","2026-10-07","belum_dicatat"
"arduino_uno_20261006_lab_terang_032.png","arduino_uno","2026-10-07","belum_dicatat"
"arduino_uno_20261006_lab_terang_033.png","arduino_uno","2026-10-07","belum_dicatat"
"arduino_uno_20261006_lab_terang_034.png","arduino_uno","2026-10-07","belum_dicatat"
"arduino_uno_20261006_lab_terang_035.png","arduino_uno","2026-10-07","belum_dicatat"
"arduino_uno_20261006_lab_terang_036.png","arduino_uno","2026-10-07","belum_dicatat"
"arduino_uno_20261006_lab_terang_037.png","arduino_uno","2026-10-07","belum_dicatat"
"arduino_uno_20261006_lab_terang_038.png","arduino_uno","2026-10-07","belum_dicatat"
"arduino_uno_20261006_lab_terang_039.png","arduino_uno","2026-10-07","belum_dicatat"
"arduino_uno_20261006_lab_terang_040.png","arduino_uno","2026-10-07","belum_dicatat"
"arduino_uno_20261006_lab_terang_041.png","arduino_uno","2026-10-07","belum_dicatat"
"arduino_uno_20261006_lab_terang_042.png","arduino_uno","2026-10-07","belum_dicatat"
"arduino_uno_20261006_lab_terang_043.png","arduino_uno","2026-10-07","belum_dicatat"
"arduino_uno_20261006_lab_terang_044.png","arduino_uno","2026-10-07","belum_dicatat"
"arduino_uno_20261006_lab_terang_045.png","arduino_uno","2026-10-07","belum_dicatat"
"arduino_uno_20261006_lab_terang_046.png","arduino_uno","2026-10-07","belum_dicatat"
"arduino_uno_20261006_lab_terang_047.png","arduino_uno","2026-10-07","belum_dicatat"
"arduino_uno_20261006_lab_terang_048.png","arduino_uno","2026-10-07","belum_dicatat"
"arduino_uno_20261006_lab_terang_049.png","arduino_uno","2026-10-07","belum_dicatat"
"arduino_uno_20261006_lab_terang_050.png","arduino_uno","2026-10-07","belum_dicatat"
"esp32_20261006_lab_redup_001.png","esp32","2026-10-07","belum_dicatat"
"esp32_20261006_lab_redup_002.png","esp32","2026-10-07","belum_dicatat"
"esp32_20261006_lab_redup_003.png","esp32","2026-10-07","belum_dicatat"
"esp32_20261006_lab_redup_004.png","esp32","2026-10-07","belum_dicatat"
"esp32_20261006_lab_redup_005.png","esp32","2026-10-07","belum_dicatat"
"esp32_20261006_lab_redup_006.png","esp32","2026-10-07","belum_dicatat"
"esp32_20261006_lab_redup_007.png","esp32","2026-10-07","belum_dicatat"
"esp32_20261006_lab_redup_008.png","esp32","2026-10-07","belum_dicatat"
"esp32_20261006_lab_redup_009.png","esp32","2026-10-07","belum_dicatat"
"esp32_20261006_lab_redup_010.png","esp32","2026-10-07","belum_dicatat"
"esp32_20261006_lab_redup_011.png","esp32","2026-10-07","belum_dicatat"
"esp32_20261006_lab_redup_012.png","esp32","2026-10-07","belum_dicatat"
"esp32_20261006_lab_redup_013.png","esp32","2026-10-07","belum_dicatat"
"esp32_20261006_lab_redup_014.png","esp32","2026-10-07","belum_dicatat"
"esp32_20261006_lab_redup_015.png","esp32","2026-10-07","belum_dicatat"
"esp32_20261006_lab_redup_016.png","esp32","2026-10-07","belum_dicatat"
"esp32_20261006_lab_redup_017.png","esp32","2026-10-07","belum_dicatat"
"esp32_20261006_lab_redup_018.png","esp32","2026-10-07","belum_dicatat"
"esp32_20261006_lab_redup_019.png","esp32","2026-10-07","belum_dicatat"
"esp32_20261006_lab_redup_020.png","esp32","2026-10-07","belum_dicatat"
"esp32_20261006_lab_redup_021.png","esp32","2026-10-07","belum_dicatat"
"esp32_20261006_lab_redup_022.png","esp32","2026-10-07","belum_dicatat"
"esp32_20261006_lab_redup_023.png","esp32","2026-10-07","belum_dicatat"
"esp32_20261006_lab_redup_024.png","esp32","2026-10-07","belum_dicatat"
"esp32_20261006_lab_redup_025.png","esp32","2026-10-07","belum_dicatat"
"esp32_20261006_lab_redup_026.png","esp32","2026-10-07","belum_dicatat"
"esp32_20261006_lab_redup_027.png","esp32","2026-10-07","belum_dicatat"
"esp32_20261006_lab_redup_028.png","esp32","2026-10-07","belum_dicatat"
"esp32_20261006_lab_redup_029.png","esp32","2026-10-07","belum_dicatat"
"esp32_20261006_lab_redup_030.png","esp32","2026-10-07","belum_dicatat"
"esp32_20261006_lab_redup_031.png","esp32","2026-10-07","belum_dicatat"
"esp32_20261006_lab_redup_032.png","esp32","2026-10-07","belum_dicatat"
"esp32_20261006_lab_redup_033.png","esp32","2026-10-07","belum_dicatat"
"esp32_20261006_lab_redup_034.png","esp32","2026-10-07","belum_dicatat"
"esp32_20261006_lab_redup_035.png","esp32","2026-10-07","belum_dicatat"
"esp32_20261006_lab_redup_036.png","esp32","2026-10-07","belum_dicatat"
"esp32_20261006_lab_redup_037.png","esp32","2026-10-07","belum_dicatat"
"esp32_20261006_lab_redup_038.png","esp32","2026-10-07","belum_dicatat"
"esp32_20261006_lab_redup_039.png","esp32","2026-10-07","belum_dicatat"
"esp32_20261006_lab_redup_040.png","esp32","2026-10-07","belum_dicatat"
"esp32_20261006_lab_redup_041.png","esp32","2026-10-07","belum_dicatat"
"esp32_20261006_lab_redup_042.png","esp32","2026-10-07","belum_dicatat"
"esp32_20261006_lab_redup_043.png","esp32","2026-10-07","belum_dicatat"
"esp32_20261006_lab_redup_044.png","esp32","2026-10-07","belum_dicatat"
"esp32_20261006_lab_redup_045.png","esp32","2026-10-07","belum_dicatat"
"esp32_20261006_lab_redup_046.png","esp32","2026-10-07","belum_dicatat"
"esp32_20261006_lab_redup_047.png","esp32","2026-10-07","belum_dicatat"
"esp32_20261006_lab_redup_048.png","esp32","2026-10-07","belum_dicatat"
"esp32_20261006_lab_redup_049.png","esp32","2026-10-07","belum_dicatat"
"esp32_20261006_lab_redup_050.png","esp32","2026-10-07","belum_dicatat"
"esp32_20261006_lab_redup_051.png","esp32","2026-10-07","belum_dicatat"
"esp32_20261006_lab_redup_052.png","esp32","2026-10-07","belum_dicatat"
"esp32_20261006_lab_redup_053.png","esp32","2026-10-07","belum_dicatat"
"esp32_20261006_lab_redup_054.png","esp32","2026-10-07","belum_dicatat"
"esp32_20261006_lab_redup_055.png","esp32","2026-10-07","belum_dicatat"
"esp32_20261006_lab_redup_056.png","esp32","2026-10-07","belum_dicatat"
"esp32_20261006_lab_redup_057.png","esp32","2026-10-07","belum_dicatat"
"esp32_20261006_lab_redup_058.png","esp32","2026-10-07","belum_dicatat"
"esp32_20261006_lab_redup_059.png","esp32","2026-10-07","belum_dicatat"
"esp32_20261006_lab_redup_060.png","esp32","2026-10-07","belum_dicatat"
"esp32_20261006_lab_redup_061.png","esp32","2026-10-07","belum_dicatat"
"esp32_20261006_lab_redup_062.png","esp32","2026-10-07","belum_dicatat"
"esp32_20261006_lab_redup_063.png","esp32","2026-10-07","belum_dicatat"
"esp32_20261006_lab_redup_064.png","esp32","2026-10-07","belum_dicatat"
"esp32_20261006_lab_redup_065.png","esp32","2026-10-07","belum_dicatat"
"esp32_20261006_lab_redup_066.png","esp32","2026-10-07","belum_dicatat"
"esp32_20261006_lab_redup_067.png","esp32","2026-10-07","belum_dicatat"
"esp32_20261006_lab_redup_068.png","esp32","2026-10-07","belum_dicatat"
"esp32_20261006_lab_redup_069.png","esp32","2026-10-07","belum_dicatat"
"esp32_20261006_lab_redup_070.png","esp32","2026-10-07","belum_dicatat"
"esp32_20261006_lab_terang_001.png","esp32","2026-10-07","belum_dicatat"
"esp32_20261006_lab_terang_002.png","esp32","2026-10-07","belum_dicatat"
"esp32_20261006_lab_terang_003.png","esp32","2026-10-07","belum_dicatat"
"esp32_20261006_lab_terang_004.png","esp32","2026-10-07","belum_dicatat"
"esp32_20261006_lab_terang_005.png","esp32","2026-10-07","belum_dicatat"
"esp32_20261006_lab_terang_006.png","esp32","2026-10-07","belum_dicatat"
"esp32_20261006_lab_terang_007.png","esp32","2026-10-07","belum_dicatat"
"esp32_20261006_lab_terang_008.png","esp32","2026-10-07","belum_dicatat"
"esp32_20261006_lab_terang_009.png","esp32","2026-10-07","belum_dicatat"
"esp32_20261006_lab_terang_010.png","esp32","2026-10-07","belum_dicatat"
"esp32_20261006_lab_terang_011.png","esp32","2026-10-07","belum_dicatat"
"esp32_20261006_lab_terang_012.png","esp32","2026-10-07","belum_dicatat"
"esp32_20261006_lab_terang_013.png","esp32","2026-10-07","belum_dicatat"
"esp32_20261006_lab_terang_014.png","esp32","2026-10-07","belum_dicatat"
"esp32_20261006_lab_terang_015.png","esp32","2026-10-07","belum_dicatat"
"esp32_20261006_lab_terang_016.png","esp32","2026-10-07","belum_dicatat"
"esp32_20261006_lab_terang_017.png","esp32","2026-10-07","belum_dicatat"
"esp32_20261006_lab_terang_018.png","esp32","2026-10-07","belum_dicatat"
"esp32_20261006_lab_terang_019.png","esp32","2026-10-07","belum_dicatat"
"esp32_20261006_lab_terang_020.png","esp32","2026-10-07","belum_dicatat"
"esp32_20261006_lab_terang_021.png","esp32","2026-10-07","belum_dicatat"
"esp32_20261006_lab_terang_022.png","esp32","2026-10-07","belum_dicatat"
"esp32_20261006_lab_terang_023.png","esp32","2026-10-07","belum_dicatat"
"esp32_20261006_lab_terang_024.png","esp32","2026-10-07","belum_dicatat"
"esp32_20261006_lab_terang_025.png","esp32","2026-10-07","belum_dicatat"
"esp32_20261006_lab_terang_026.png","esp32","2026-10-07","belum_dicatat"
"esp32_20261006_lab_terang_027.png","esp32","2026-10-07","belum_dicatat"
"esp32_20261006_lab_terang_028.png","esp32","2026-10-07","belum_dicatat"
"esp32_20261006_lab_terang_029.png","esp32","2026-10-07","belum_dicatat"
"esp32_20261006_lab_terang_030.png","esp32","2026-10-07","belum_dicatat"
"esp32_20261006_lab_terang_031.png","esp32","2026-10-07","belum_dicatat"
"esp32_20261006_lab_terang_032.png","esp32","2026-10-07","belum_dicatat"
"esp32_20261006_lab_terang_033.png","esp32","2026-10-07","belum_dicatat"
"esp32_20261006_lab_terang_034.png","esp32","2026-10-07","belum_dicatat"
"esp32_20261006_lab_terang_035.png","esp32","2026-10-07","belum_dicatat"
"esp32_20261006_lab_terang_036.png","esp32","2026-10-07","belum_dicatat"
"esp32_20261006_lab_terang_037.png","esp32","2026-10-07","belum_dicatat"
"esp32_20261006_lab_terang_038.png","esp32","2026-10-07","belum_dicatat"
"esp32_20261006_lab_terang_039.png","esp32","2026-10-07","belum_dicatat"
"esp32_20261006_lab_terang_040.png","esp32","2026-10-07","belum_dicatat"
"esp32_20261006_lab_terang_041.png","esp32","2026-10-07","belum_dicatat"
"esp32_20261006_lab_terang_042.png","esp32","2026-10-07","belum_dicatat"
"esp32_20261006_lab_terang_043.png","esp32","2026-10-07","belum_dicatat"
"esp32_20261006_lab_terang_044.png","esp32","2026-10-07","belum_dicatat"
"esp32_20261006_lab_terang_045.png","esp32","2026-10-07","belum_dicatat"
"esp32_20261006_lab_terang_046.png","esp32","2026-10-07","belum_dicatat"
"esp32_20261006_lab_terang_047.png","esp32","2026-10-07","belum_dicatat"
"esp32_20261006_lab_terang_048.png","esp32","2026-10-07","belum_dicatat"
"esp32_20261006_lab_terang_049.png","esp32","2026-10-07","belum_dicatat"
"esp32_20261006_lab_terang_050.png","esp32","2026-10-07","belum_dicatat"
"esp32_20261006_lab_terang_051.png","esp32","2026-10-07","belum_dicatat"
"esp32_20261006_lab_terang_052.png","esp32","2026-10-07","belum_dicatat"
"esp32_20261006_lab_terang_053.png","esp32","2026-10-07","belum_dicatat"
"esp32_20261006_lab_terang_054.png","esp32","2026-10-07","belum_dicatat"
"esp32_20261006_lab_terang_055.png","esp32","2026-10-07","belum_dicatat"
"esp32_20261006_lab_terang_056.png","esp32","2026-10-07","belum_dicatat"
"esp32_20261006_lab_terang_057.png","esp32","2026-10-07","belum_dicatat"
"esp32_20261006_lab_terang_058.png","esp32","2026-10-07","belum_dicatat"
"esp32_20261006_lab_terang_059.png","esp32","2026-10-07","belum_dicatat"
"esp32_20261006_lab_terang_060.png","esp32","2026-10-07","belum_dicatat"
"esp32_20261006_lab_terang_061.png","esp32","2026-10-07","belum_dicatat"
"esp32_20261006_lab_terang_062.png","esp32","2026-10-07","belum_dicatat"
"esp32_20261006_lab_terang_063.png","esp32","2026-10-07","belum_dicatat"
"esp32_20261006_lab_terang_064.png","esp32","2026-10-07","belum_dicatat"
"esp32_20261006_lab_terang_065.png","esp32","2026-10-07","belum_dicatat"
"kartu_rfid_20261006_lab_redup_001.png","kartu_rfid","2026-10-07","belum_dicatat"
"kartu_rfid_20261006_lab_redup_002.png","kartu_rfid","2026-10-07","belum_dicatat"
"kartu_rfid_20261006_lab_redup_003.png","kartu_rfid","2026-10-07","belum_dicatat"
"kartu_rfid_20261006_lab_redup_004.png","kartu_rfid","2026-10-07","belum_dicatat"
"kartu_rfid_20261006_lab_redup_005.png","kartu_rfid","2026-10-07","belum_dicatat"
"kartu_rfid_20261006_lab_redup_006.png","kartu_rfid","2026-10-07","belum_dicatat"
"kartu_rfid_20261006_lab_redup_007.png","kartu_rfid","2026-10-07","belum_dicatat"
"kartu_rfid_20261006_lab_redup_008.png","kartu_rfid","2026-10-07","belum_dicatat"
"kartu_rfid_20261006_lab_redup_009.png","kartu_rfid","2026-10-07","belum_dicatat"
"kartu_rfid_20261006_lab_redup_010.png","kartu_rfid","2026-10-07","belum_dicatat"
"kartu_rfid_20261006_lab_redup_011.png","kartu_rfid","2026-10-07","belum_dicatat"
"kartu_rfid_20261006_lab_redup_012.png","kartu_rfid","2026-10-07","belum_dicatat"
"kartu_rfid_20261006_lab_redup_013.png","kartu_rfid","2026-10-07","belum_dicatat"
"kartu_rfid_20261006_lab_redup_014.png","kartu_rfid","2026-10-07","belum_dicatat"
"kartu_rfid_20261006_lab_redup_015.png","kartu_rfid","2026-10-07","belum_dicatat"
"kartu_rfid_20261006_lab_redup_016.png","kartu_rfid","2026-10-07","belum_dicatat"
"kartu_rfid_20261006_lab_redup_017.png","kartu_rfid","2026-10-07","belum_dicatat"
"kartu_rfid_20261006_lab_redup_018.png","kartu_rfid","2026-10-07","belum_dicatat"
"kartu_rfid_20261006_lab_redup_019.png","kartu_rfid","2026-10-07","belum_dicatat"
"kartu_rfid_20261006_lab_redup_020.png","kartu_rfid","2026-10-07","belum_dicatat"
"kartu_rfid_20261006_lab_redup_021.png","kartu_rfid","2026-10-07","belum_dicatat"
"kartu_rfid_20261006_lab_redup_022.png","kartu_rfid","2026-10-07","belum_dicatat"
"kartu_rfid_20261006_lab_redup_023.png","kartu_rfid","2026-10-07","belum_dicatat"
"kartu_rfid_20261006_lab_redup_024.png","kartu_rfid","2026-10-07","belum_dicatat"
"kartu_rfid_20261006_lab_redup_025.png","kartu_rfid","2026-10-07","belum_dicatat"
"kartu_rfid_20261006_lab_redup_026.png","kartu_rfid","2026-10-07","belum_dicatat"
"kartu_rfid_20261006_lab_redup_027.png","kartu_rfid","2026-10-07","belum_dicatat"
"kartu_rfid_20261006_lab_redup_028.png","kartu_rfid","2026-10-07","belum_dicatat"
"kartu_rfid_20261006_lab_redup_029.png","kartu_rfid","2026-10-07","belum_dicatat"
"kartu_rfid_20261006_lab_redup_030.png","kartu_rfid","2026-10-07","belum_dicatat"
"kartu_rfid_20261006_lab_redup_031.png","kartu_rfid","2026-10-07","belum_dicatat"
"kartu_rfid_20261006_lab_redup_032.png","kartu_rfid","2026-10-07","belum_dicatat"
"kartu_rfid_20261006_lab_redup_033.png","kartu_rfid","2026-10-07","belum_dicatat"
"kartu_rfid_20261006_lab_redup_034.png","kartu_rfid","2026-10-07","belum_dicatat"
"kartu_rfid_20261006_lab_redup_035.png","kartu_rfid","2026-10-07","belum_dicatat"
"kartu_rfid_20261006_lab_redup_036.png","kartu_rfid","2026-10-07","belum_dicatat"
"kartu_rfid_20261006_lab_redup_037.png","kartu_rfid","2026-10-07","belum_dicatat"
"kartu_rfid_20261006_lab_redup_038.png","kartu_rfid","2026-10-07","belum_dicatat"
"kartu_rfid_20261006_lab_redup_039.png","kartu_rfid","2026-10-07","belum_dicatat"
"kartu_rfid_20261006_lab_redup_040.png","kartu_rfid","2026-10-07","belum_dicatat"
"kartu_rfid_20261006_lab_redup_041.png","kartu_rfid","2026-10-07","belum_dicatat"
"kartu_rfid_20261006_lab_redup_042.png","kartu_rfid","2026-10-07","belum_dicatat"
"kartu_rfid_20261006_lab_redup_043.png","kartu_rfid","2026-10-07","belum_dicatat"
"kartu_rfid_20261006_lab_redup_044.png","kartu_rfid","2026-10-07","belum_dicatat"
"kartu_rfid_20261006_lab_redup_045.png","kartu_rfid","2026-10-07","belum_dicatat"
"kartu_rfid_20261006_lab_redup_046.png","kartu_rfid","2026-10-07","belum_dicatat"
"kartu_rfid_20261006_lab_redup_047.png","kartu_rfid","2026-10-07","belum_dicatat"
"kartu_rfid_20261006_lab_redup_048.png","kartu_rfid","2026-10-07","belum_dicatat"
"kartu_rfid_20261006_lab_redup_049.png","kartu_rfid","2026-10-07","belum_dicatat"
"kartu_rfid_20261006_lab_redup_050.png","kartu_rfid","2026-10-07","belum_dicatat"
"kartu_rfid_20261006_lab_redup_051.png","kartu_rfid","2026-10-07","belum_dicatat"
"kartu_rfid_20261006_lab_redup_052.png","kartu_rfid","2026-10-07","belum_dicatat"
"kartu_rfid_20261006_lab_redup_053.png","kartu_rfid","2026-10-07","belum_dicatat"
"kartu_rfid_20261006_lab_redup_054.png","kartu_rfid","2026-10-07","belum_dicatat"
"kartu_rfid_20261006_lab_redup_055.png","kartu_rfid","2026-10-07","belum_dicatat"
"kartu_rfid_20261006_lab_redup_056.png","kartu_rfid","2026-10-07","belum_dicatat"
"kartu_rfid_20261006_lab_redup_057.png","kartu_rfid","2026-10-07","belum_dicatat"
"kartu_rfid_20261006_lab_redup_058.png","kartu_rfid","2026-10-07","belum_dicatat"
"kartu_rfid_20261006_lab_redup_059.png","kartu_rfid","2026-10-07","belum_dicatat"
"kartu_rfid_20261006_lab_redup_060.png","kartu_rfid","2026-10-07","belum_dicatat"
"kartu_rfid_20261006_lab_redup_061.png","kartu_rfid","2026-10-07","belum_dicatat"
"kartu_rfid_20261006_lab_redup_062.png","kartu_rfid","2026-10-07","belum_dicatat"
"kartu_rfid_20261006_lab_redup_063.png","kartu_rfid","2026-10-07","belum_dicatat"
"kartu_rfid_20261006_lab_redup_064.png","kartu_rfid","2026-10-07","belum_dicatat"
"kartu_rfid_20261006_lab_redup_065.png","kartu_rfid","2026-10-07","belum_dicatat"
"kartu_rfid_20261006_lab_redup_066.png","kartu_rfid","2026-10-07","belum_dicatat"
"kartu_rfid_20261006_lab_redup_067.png","kartu_rfid","2026-10-07","belum_dicatat"
"kartu_rfid_20261006_lab_redup_068.png","kartu_rfid","2026-10-07","belum_dicatat"
"kartu_rfid_20261006_lab_redup_069.png","kartu_rfid","2026-10-07","belum_dicatat"
"kartu_rfid_20261006_lab_redup_070.png","kartu_rfid","2026-10-07","belum_dicatat"
"kartu_rfid_20261006_lab_redup_071.png","kartu_rfid","2026-10-07","belum_dicatat"
"kartu_rfid_20261006_lab_redup_072.png","kartu_rfid","2026-10-07","belum_dicatat"
"kartu_rfid_20261006_lab_redup_073.png","kartu_rfid","2026-10-07","belum_dicatat"
"kartu_rfid_20261006_lab_redup_074.png","kartu_rfid","2026-10-07","belum_dicatat"
"kartu_rfid_20261006_lab_redup_075.png","kartu_rfid","2026-10-07","belum_dicatat"
"kartu_rfid_20261006_lab_redup_076.png","kartu_rfid","2026-10-07","belum_dicatat"
"kartu_rfid_20261006_lab_redup_077.png","kartu_rfid","2026-10-07","belum_dicatat"
"kartu_rfid_20261006_lab_redup_078.png","kartu_rfid","2026-10-07","belum_dicatat"
"kartu_rfid_20261006_lab_redup_079.png","kartu_rfid","2026-10-07","belum_dicatat"
"kartu_rfid_20261006_lab_redup_080.png","kartu_rfid","2026-10-07","belum_dicatat"
"kartu_rfid_20261006_lab_redup_081.png","kartu_rfid","2026-10-07","belum_dicatat"
"kartu_rfid_20261006_lab_redup_082.png","kartu_rfid","2026-10-07","belum_dicatat"
"kartu_rfid_20261006_lab_terang_001.png","kartu_rfid","2026-10-07","belum_dicatat"
"kartu_rfid_20261006_lab_terang_002.png","kartu_rfid","2026-10-07","belum_dicatat"
"kartu_rfid_20261006_lab_terang_003.png","kartu_rfid","2026-10-07","belum_dicatat"
"kartu_rfid_20261006_lab_terang_004.png","kartu_rfid","2026-10-07","belum_dicatat"
"kartu_rfid_20261006_lab_terang_005.png","kartu_rfid","2026-10-07","belum_dicatat"
"kartu_rfid_20261006_lab_terang_006.png","kartu_rfid","2026-10-07","belum_dicatat"
"kartu_rfid_20261006_lab_terang_007.png","kartu_rfid","2026-10-07","belum_dicatat"
"kartu_rfid_20261006_lab_terang_008.png","kartu_rfid","2026-10-07","belum_dicatat"
"kartu_rfid_20261006_lab_terang_009.png","kartu_rfid","2026-10-07","belum_dicatat"
"kartu_rfid_20261006_lab_terang_010.png","kartu_rfid","2026-10-07","belum_dicatat"
"kartu_rfid_20261006_lab_terang_011.png","kartu_rfid","2026-10-07","belum_dicatat"
"kartu_rfid_20261006_lab_terang_012.png","kartu_rfid","2026-10-07","belum_dicatat"
"kartu_rfid_20261006_lab_terang_013.png","kartu_rfid","2026-10-07","belum_dicatat"
"kartu_rfid_20261006_lab_terang_014.png","kartu_rfid","2026-10-07","belum_dicatat"
"kartu_rfid_20261006_lab_terang_015.png","kartu_rfid","2026-10-07","belum_dicatat"
"kartu_rfid_20261006_lab_terang_016.png","kartu_rfid","2026-10-07","belum_dicatat"
"kartu_rfid_20261006_lab_terang_017.png","kartu_rfid","2026-10-07","belum_dicatat"
"kartu_rfid_20261006_lab_terang_018.png","kartu_rfid","2026-10-07","belum_dicatat"
"kartu_rfid_20261006_lab_terang_019.png","kartu_rfid","2026-10-07","belum_dicatat"
"kartu_rfid_20261006_lab_terang_020.png","kartu_rfid","2026-10-07","belum_dicatat"
"kartu_rfid_20261006_lab_terang_021.png","kartu_rfid","2026-10-07","belum_dicatat"
"kartu_rfid_20261006_lab_terang_022.png","kartu_rfid","2026-10-07","belum_dicatat"
"kartu_rfid_20261006_lab_terang_023.png","kartu_rfid","2026-10-07","belum_dicatat"
"kartu_rfid_20261006_lab_terang_024.png","kartu_rfid","2026-10-07","belum_dicatat"
"kartu_rfid_20261006_lab_terang_025.png","kartu_rfid","2026-10-07","belum_dicatat"
"kartu_rfid_20261006_lab_terang_026.png","kartu_rfid","2026-10-07","belum_dicatat"
"kartu_rfid_20261006_lab_terang_027.png","kartu_rfid","2026-10-07","belum_dicatat"
"kartu_rfid_20261006_lab_terang_028.png","kartu_rfid","2026-10-07","belum_dicatat"
"kartu_rfid_20261006_lab_terang_029.png","kartu_rfid","2026-10-07","belum_dicatat"
"kartu_rfid_20261006_lab_terang_030.png","kartu_rfid","2026-10-07","belum_dicatat"
"kartu_rfid_20261006_lab_terang_031.png","kartu_rfid","2026-10-07","belum_dicatat"
"kartu_rfid_20261006_lab_terang_032.png","kartu_rfid","2026-10-07","belum_dicatat"
"kartu_rfid_20261006_lab_terang_033.png","kartu_rfid","2026-10-07","belum_dicatat"
"kartu_rfid_20261006_lab_terang_034.png","kartu_rfid","2026-10-07","belum_dicatat"
"kartu_rfid_20261006_lab_terang_035.png","kartu_rfid","2026-10-07","belum_dicatat"
"kartu_rfid_20261006_lab_terang_036.png","kartu_rfid","2026-10-07","belum_dicatat"
"kartu_rfid_20261006_lab_terang_037.png","kartu_rfid","2026-10-07","belum_dicatat"
"kartu_rfid_20261006_lab_terang_038.png","kartu_rfid","2026-10-07","belum_dicatat"
"kartu_rfid_20261006_lab_terang_039.png","kartu_rfid","2026-10-07","belum_dicatat"
"kartu_rfid_20261006_lab_terang_040.png","kartu_rfid","2026-10-07","belum_dicatat"
"kartu_rfid_20261006_lab_terang_041.png","kartu_rfid","2026-10-07","belum_dicatat"
"kartu_rfid_20261006_lab_terang_042.png","kartu_rfid","2026-10-07","belum_dicatat"
"kartu_rfid_20261006_lab_terang_043.png","kartu_rfid","2026-10-07","belum_dicatat"
"kartu_rfid_20261006_lab_terang_044.png","kartu_rfid","2026-10-07","belum_dicatat"
"kartu_rfid_20261006_lab_terang_045.png","kartu_rfid","2026-10-07","belum_dicatat"
"kartu_rfid_20261006_lab_terang_046.png","kartu_rfid","2026-10-07","belum_dicatat"
"kartu_rfid_20261006_lab_terang_047.png","kartu_rfid","2026-10-07","belum_dicatat"
"kartu_rfid_20261006_lab_terang_048.png","kartu_rfid","2026-10-07","belum_dicatat"
"kartu_rfid_20261006_lab_terang_049.png","kartu_rfid","2026-10-07","belum_dicatat"
"kartu_rfid_20261006_lab_terang_050.png","kartu_rfid","2026-10-07","belum_dicatat"
"kartu_rfid_20261006_lab_terang_051.png","kartu_rfid","2026-10-07","belum_dicatat"
"kartu_rfid_20261006_lab_terang_052.png","kartu_rfid","2026-10-07","belum_dicatat"
"kartu_rfid_20261006_lab_terang_053.png","kartu_rfid","2026-10-07","belum_dicatat"
"kartu_rfid_20261006_lab_terang_054.png","kartu_rfid","2026-10-07","belum_dicatat"
"kartu_rfid_20261006_lab_terang_055.png","kartu_rfid","2026-10-07","belum_dicatat"
"kartu_rfid_20261006_lab_terang_056.png","kartu_rfid","2026-10-07","belum_dicatat"
"kartu_rfid_20261006_lab_terang_057.png","kartu_rfid","2026-10-07","belum_dicatat"
"kartu_rfid_20261006_lab_terang_058.png","kartu_rfid","2026-10-07","belum_dicatat"
"kartu_rfid_20261006_lab_terang_059.png","kartu_rfid","2026-10-07","belum_dicatat"
"kartu_rfid_20261006_lab_terang_060.png","kartu_rfid","2026-10-07","belum_dicatat"
"kartu_rfid_20261006_lab_terang_061.png","kartu_rfid","2026-10-07","belum_dicatat"
"kartu_rfid_20261006_lab_terang_062.png","kartu_rfid","2026-10-07","belum_dicatat"
"kartu_rfid_20261006_lab_terang_063.png","kartu_rfid","2026-10-07","belum_dicatat"
"kartu_rfid_20261006_lab_terang_064.png","kartu_rfid","2026-10-07","belum_dicatat"
"kartu_rfid_20261006_lab_terang_065.png","kartu_rfid","2026-10-07","belum_dicatat"
"kartu_rfid_20261006_lab_terang_066.png","kartu_rfid","2026-10-07","belum_dicatat"
"kartu_rfid_20261006_lab_terang_067.png","kartu_rfid","2026-10-07","belum_dicatat"
"kartu_rfid_20261006_lab_terang_068.png","kartu_rfid","2026-10-07","belum_dicatat"
"kartu_rfid_20261006_lab_terang_069.png","kartu_rfid","2026-10-07","belum_dicatat"
"kartu_rfid_20261006_lab_terang_070.png","kartu_rfid","2026-10-07","belum_dicatat"
"kartu_rfid_20261006_lab_terang_071.png","kartu_rfid","2026-10-07","belum_dicatat"
"kartu_rfid_20261006_lab_terang_072.png","kartu_rfid","2026-10-07","belum_dicatat"
"kartu_rfid_20261006_lab_terang_073.png","kartu_rfid","2026-10-07","belum_dicatat"
"kartu_rfid_20261006_lab_terang_074.png","kartu_rfid","2026-10-07","belum_dicatat"
"kartu_rfid_20261006_lab_terang_075.png","kartu_rfid","2026-10-07","belum_dicatat"
"kartu_rfid_20261006_lab_terang_076.png","kartu_rfid","2026-10-07","belum_dicatat"
"kartu_rfid_20261006_lab_terang_077.png","kartu_rfid","2026-10-07","belum_dicatat"
"kartu_rfid_20261006_lab_terang_078.png","kartu_rfid","2026-10-07","belum_dicatat"
"kartu_rfid_20261006_lab_terang_079.png","kartu_rfid","2026-10-07","belum_dicatat"
"kartu_rfid_20261006_lab_terang_080.png","kartu_rfid","2026-10-07","belum_dicatat"
"kartu_rfid_20261006_lab_terang_081.png","kartu_rfid","2026-10-07","belum_dicatat"
"kartu_rfid_20261006_lab_terang_082.png","kartu_rfid","2026-10-07","belum_dicatat"
"kartu_rfid_20261006_lab_terang_083.png","kartu_rfid","2026-10-07","belum_dicatat"
"kartu_rfid_20261006_lab_terang_084.png","kartu_rfid","2026-10-07","belum_dicatat"
"kartu_rfid_20261006_lab_terang_085.png","kartu_rfid","2026-10-07","belum_dicatat"
"kartu_rfid_20261006_lab_terang_086.png","kartu_rfid","2026-10-07","belum_dicatat"
"kartu_rfid_20261006_lab_terang_087.png","kartu_rfid","2026-10-07","belum_dicatat"
"kartu_rfid_20261006_lab_terang_088.png","kartu_rfid","2026-10-07","belum_dicatat"
"kosong_20261006_lab_redup_001.png","kosong","2026-10-07","belum_dicatat"
"kosong_20261006_lab_redup_002.png","kosong","2026-10-07","belum_dicatat"
"kosong_20261006_lab_redup_003.png","kosong","2026-10-07","belum_dicatat"
"kosong_20261006_lab_redup_004.png","kosong","2026-10-07","belum_dicatat"
"kosong_20261006_lab_redup_005.png","kosong","2026-10-07","belum_dicatat"
"kosong_20261006_lab_redup_006.png","kosong","2026-10-07","belum_dicatat"
"kosong_20261006_lab_redup_007.png","kosong","2026-10-07","belum_dicatat"
"kosong_20261006_lab_redup_008.png","kosong","2026-10-07","belum_dicatat"
"kosong_20261006_lab_redup_009.png","kosong","2026-10-07","belum_dicatat"
"kosong_20261006_lab_redup_010.png","kosong","2026-10-07","belum_dicatat"
"kosong_20261006_lab_redup_011.png","kosong","2026-10-07","belum_dicatat"
"kosong_20261006_lab_redup_012.png","kosong","2026-10-07","belum_dicatat"
"kosong_20261006_lab_redup_013.png","kosong","2026-10-07","belum_dicatat"
"kosong_20261006_lab_redup_014.png","kosong","2026-10-07","belum_dicatat"
"kosong_20261006_lab_redup_015.png","kosong","2026-10-07","belum_dicatat"
"kosong_20261006_lab_redup_016.png","kosong","2026-10-07","belum_dicatat"
"kosong_20261006_lab_redup_017.png","kosong","2026-10-07","belum_dicatat"
"kosong_20261006_lab_redup_018.png","kosong","2026-10-07","belum_dicatat"
"kosong_20261006_lab_redup_019.png","kosong","2026-10-07","belum_dicatat"
"kosong_20261006_lab_redup_020.png","kosong","2026-10-07","belum_dicatat"
"kosong_20261006_lab_redup_021.png","kosong","2026-10-07","belum_dicatat"
"kosong_20261006_lab_redup_022.png","kosong","2026-10-07","belum_dicatat"
"kosong_20261006_lab_redup_023.png","kosong","2026-10-07","belum_dicatat"
"kosong_20261006_lab_redup_024.png","kosong","2026-10-07","belum_dicatat"
"kosong_20261006_lab_redup_025.png","kosong","2026-10-07","belum_dicatat"
"kosong_20261006_lab_terang_001.png","kosong","2026-10-07","belum_dicatat"
"kosong_20261006_lab_terang_002.png","kosong","2026-10-07","belum_dicatat"
"kosong_20261006_lab_terang_003.png","kosong","2026-10-07","belum_dicatat"
"kosong_20261006_lab_terang_004.png","kosong","2026-10-07","belum_dicatat"
"kosong_20261006_lab_terang_005.png","kosong","2026-10-07","belum_dicatat"
"kosong_20261006_lab_terang_006.png","kosong","2026-10-07","belum_dicatat"
"kosong_20261006_lab_terang_007.png","kosong","2026-10-07","belum_dicatat"
"kosong_20261006_lab_terang_008.png","kosong","2026-10-07","belum_dicatat"
"kosong_20261006_lab_terang_009.png","kosong","2026-10-07","belum_dicatat"
"kosong_20261006_lab_terang_010.png","kosong","2026-10-07","belum_dicatat"
"kosong_20261006_lab_terang_011.png","kosong","2026-10-07","belum_dicatat"
"kosong_20261006_lab_terang_012.png","kosong","2026-10-07","belum_dicatat"
"kosong_20261006_lab_terang_013.png","kosong","2026-10-07","belum_dicatat"
"kosong_20261006_lab_terang_014.png","kosong","2026-10-07","belum_dicatat"
"kosong_20261006_lab_terang_015.png","kosong","2026-10-07","belum_dicatat"
"kosong_20261006_lab_terang_016.png","kosong","2026-10-07","belum_dicatat"
"kosong_20261006_lab_terang_017.png","kosong","2026-10-07","belum_dicatat"
"kosong_20261006_lab_terang_018.png","kosong","2026-10-07","belum_dicatat"
"kosong_20261006_lab_terang_019.png","kosong","2026-10-07","belum_dicatat"
"kosong_20261006_lab_terang_020.png","kosong","2026-10-07","belum_dicatat"
"kosong_20261006_lab_terang_021.png","kosong","2026-10-07","belum_dicatat"
"kosong_20261006_lab_terang_022.png","kosong","2026-10-07","belum_dicatat"
"kosong_20261006_lab_terang_023.png","kosong","2026-10-07","belum_dicatat"
"kosong_20261006_lab_terang_024.png","kosong","2026-10-07","belum_dicatat"
"kosong_20261006_lab_terang_025.png","kosong","2026-10-07","belum_dicatat"
"rfid_rc522_20261006_lab_redup_001.png","rfid_rc522","2026-10-07","belum_dicatat"
"rfid_rc522_20261006_lab_redup_002.png","rfid_rc522","2026-10-07","belum_dicatat"
"rfid_rc522_20261006_lab_redup_003.png","rfid_rc522","2026-10-07","belum_dicatat"
"rfid_rc522_20261006_lab_redup_004.png","rfid_rc522","2026-10-07","belum_dicatat"
"rfid_rc522_20261006_lab_redup_005.png","rfid_rc522","2026-10-07","belum_dicatat"
"rfid_rc522_20261006_lab_redup_006.png","rfid_rc522","2026-10-07","belum_dicatat"
"rfid_rc522_20261006_lab_redup_007.png","rfid_rc522","2026-10-07","belum_dicatat"
"rfid_rc522_20261006_lab_redup_008.png","rfid_rc522","2026-10-07","belum_dicatat"
"rfid_rc522_20261006_lab_redup_009.png","rfid_rc522","2026-10-07","belum_dicatat"
"rfid_rc522_20261006_lab_redup_010.png","rfid_rc522","2026-10-07","belum_dicatat"
"rfid_rc522_20261006_lab_redup_011.png","rfid_rc522","2026-10-07","belum_dicatat"
"rfid_rc522_20261006_lab_redup_012.png","rfid_rc522","2026-10-07","belum_dicatat"
"rfid_rc522_20261006_lab_redup_013.png","rfid_rc522","2026-10-07","belum_dicatat"
"rfid_rc522_20261006_lab_redup_014.png","rfid_rc522","2026-10-07","belum_dicatat"
"rfid_rc522_20261006_lab_redup_015.png","rfid_rc522","2026-10-07","belum_dicatat"
"rfid_rc522_20261006_lab_redup_016.png","rfid_rc522","2026-10-07","belum_dicatat"
"rfid_rc522_20261006_lab_redup_017.png","rfid_rc522","2026-10-07","belum_dicatat"
"rfid_rc522_20261006_lab_redup_018.png","rfid_rc522","2026-10-07","belum_dicatat"
"rfid_rc522_20261006_lab_redup_019.png","rfid_rc522","2026-10-07","belum_dicatat"
"rfid_rc522_20261006_lab_redup_020.png","rfid_rc522","2026-10-07","belum_dicatat"
"rfid_rc522_20261006_lab_redup_021.png","rfid_rc522","2026-10-07","belum_dicatat"
"rfid_rc522_20261006_lab_redup_022.png","rfid_rc522","2026-10-07","belum_dicatat"
"rfid_rc522_20261006_lab_redup_023.png","rfid_rc522","2026-10-07","belum_dicatat"
"rfid_rc522_20261006_lab_redup_024.png","rfid_rc522","2026-10-07","belum_dicatat"
"rfid_rc522_20261006_lab_redup_025.png","rfid_rc522","2026-10-07","belum_dicatat"
"rfid_rc522_20261006_lab_redup_026.png","rfid_rc522","2026-10-07","belum_dicatat"
"rfid_rc522_20261006_lab_redup_027.png","rfid_rc522","2026-10-07","belum_dicatat"
"rfid_rc522_20261006_lab_redup_028.png","rfid_rc522","2026-10-07","belum_dicatat"
"rfid_rc522_20261006_lab_redup_029.png","rfid_rc522","2026-10-07","belum_dicatat"
"rfid_rc522_20261006_lab_redup_030.png","rfid_rc522","2026-10-07","belum_dicatat"
"rfid_rc522_20261006_lab_redup_031.png","rfid_rc522","2026-10-07","belum_dicatat"
"rfid_rc522_20261006_lab_redup_032.png","rfid_rc522","2026-10-07","belum_dicatat"
"rfid_rc522_20261006_lab_redup_033.png","rfid_rc522","2026-10-07","belum_dicatat"
"rfid_rc522_20261006_lab_redup_034.png","rfid_rc522","2026-10-07","belum_dicatat"
"rfid_rc522_20261006_lab_redup_035.png","rfid_rc522","2026-10-07","belum_dicatat"
"rfid_rc522_20261006_lab_redup_036.png","rfid_rc522","2026-10-07","belum_dicatat"
"rfid_rc522_20261006_lab_redup_037.png","rfid_rc522","2026-10-07","belum_dicatat"
"rfid_rc522_20261006_lab_redup_038.png","rfid_rc522","2026-10-07","belum_dicatat"
"rfid_rc522_20261006_lab_redup_039.png","rfid_rc522","2026-10-07","belum_dicatat"
"rfid_rc522_20261006_lab_redup_040.png","rfid_rc522","2026-10-07","belum_dicatat"
"rfid_rc522_20261006_lab_redup_041.png","rfid_rc522","2026-10-07","belum_dicatat"
"rfid_rc522_20261006_lab_redup_042.png","rfid_rc522","2026-10-07","belum_dicatat"
"rfid_rc522_20261006_lab_redup_043.png","rfid_rc522","2026-10-07","belum_dicatat"
"rfid_rc522_20261006_lab_redup_044.png","rfid_rc522","2026-10-07","belum_dicatat"
"rfid_rc522_20261006_lab_redup_045.png","rfid_rc522","2026-10-07","belum_dicatat"
"rfid_rc522_20261006_lab_redup_046.png","rfid_rc522","2026-10-07","belum_dicatat"
"rfid_rc522_20261006_lab_redup_047.png","rfid_rc522","2026-10-07","belum_dicatat"
"rfid_rc522_20261006_lab_redup_048.png","rfid_rc522","2026-10-07","belum_dicatat"
"rfid_rc522_20261006_lab_redup_049.png","rfid_rc522","2026-10-07","belum_dicatat"
"rfid_rc522_20261006_lab_redup_050.png","rfid_rc522","2026-10-07","belum_dicatat"
"rfid_rc522_20261006_lab_redup_051.png","rfid_rc522","2026-10-07","belum_dicatat"
"rfid_rc522_20261006_lab_redup_052.png","rfid_rc522","2026-10-07","belum_dicatat"
"rfid_rc522_20261006_lab_redup_053.png","rfid_rc522","2026-10-07","belum_dicatat"
"rfid_rc522_20261006_lab_redup_054.png","rfid_rc522","2026-10-07","belum_dicatat"
"rfid_rc522_20261006_lab_redup_055.png","rfid_rc522","2026-10-07","belum_dicatat"
"rfid_rc522_20261006_lab_redup_056.png","rfid_rc522","2026-10-07","belum_dicatat"
"rfid_rc522_20261006_lab_redup_057.png","rfid_rc522","2026-10-07","belum_dicatat"
"rfid_rc522_20261006_lab_redup_058.png","rfid_rc522","2026-10-07","belum_dicatat"
"rfid_rc522_20261006_lab_redup_059.png","rfid_rc522","2026-10-07","belum_dicatat"
"rfid_rc522_20261006_lab_redup_060.png","rfid_rc522","2026-10-07","belum_dicatat"
"rfid_rc522_20261006_lab_redup_061.png","rfid_rc522","2026-10-07","belum_dicatat"
"rfid_rc522_20261006_lab_redup_062.png","rfid_rc522","2026-10-07","belum_dicatat"
"rfid_rc522_20261006_lab_redup_063.png","rfid_rc522","2026-10-07","belum_dicatat"
"rfid_rc522_20261006_lab_redup_064.png","rfid_rc522","2026-10-07","belum_dicatat"
"rfid_rc522_20261006_lab_redup_065.png","rfid_rc522","2026-10-07","belum_dicatat"
"rfid_rc522_20261006_lab_redup_066.png","rfid_rc522","2026-10-07","belum_dicatat"
"rfid_rc522_20261006_lab_redup_067.png","rfid_rc522","2026-10-07","belum_dicatat"
"rfid_rc522_20261006_lab_redup_068.png","rfid_rc522","2026-10-07","belum_dicatat"
"rfid_rc522_20261006_lab_redup_069.png","rfid_rc522","2026-10-07","belum_dicatat"
"rfid_rc522_20261006_lab_redup_070.png","rfid_rc522","2026-10-07","belum_dicatat"
"rfid_rc522_20261006_lab_redup_071.png","rfid_rc522","2026-10-07","belum_dicatat"
"rfid_rc522_20261006_lab_redup_072.png","rfid_rc522","2026-10-07","belum_dicatat"
"rfid_rc522_20261006_lab_redup_073.png","rfid_rc522","2026-10-07","belum_dicatat"
"rfid_rc522_20261006_lab_redup_074.png","rfid_rc522","2026-10-07","belum_dicatat"
"rfid_rc522_20261006_lab_redup_075.png","rfid_rc522","2026-10-07","belum_dicatat"
"rfid_rc522_20261006_lab_redup_076.png","rfid_rc522","2026-10-07","belum_dicatat"
"rfid_rc522_20261006_lab_redup_077.png","rfid_rc522","2026-10-07","belum_dicatat"
"rfid_rc522_20261006_lab_redup_078.png","rfid_rc522","2026-10-07","belum_dicatat"
"rfid_rc522_20261006_lab_redup_079.png","rfid_rc522","2026-10-07","belum_dicatat"
"rfid_rc522_20261006_lab_redup_080.png","rfid_rc522","2026-10-07","belum_dicatat"
"rfid_rc522_20261006_lab_terang_001.png","rfid_rc522","2026-10-07","belum_dicatat"
"rfid_rc522_20261006_lab_terang_002.png","rfid_rc522","2026-10-07","belum_dicatat"
"rfid_rc522_20261006_lab_terang_003.png","rfid_rc522","2026-10-07","belum_dicatat"
"rfid_rc522_20261006_lab_terang_004.png","rfid_rc522","2026-10-07","belum_dicatat"
"rfid_rc522_20261006_lab_terang_005.png","rfid_rc522","2026-10-07","belum_dicatat"
"rfid_rc522_20261006_lab_terang_006.png","rfid_rc522","2026-10-07","belum_dicatat"
"rfid_rc522_20261006_lab_terang_007.png","rfid_rc522","2026-10-07","belum_dicatat"
"rfid_rc522_20261006_lab_terang_008.png","rfid_rc522","2026-10-07","belum_dicatat"
"rfid_rc522_20261006_lab_terang_009.png","rfid_rc522","2026-10-07","belum_dicatat"
"rfid_rc522_20261006_lab_terang_010.png","rfid_rc522","2026-10-07","belum_dicatat"
"rfid_rc522_20261006_lab_terang_011.png","rfid_rc522","2026-10-07","belum_dicatat"
"rfid_rc522_20261006_lab_terang_012.png","rfid_rc522","2026-10-07","belum_dicatat"
"rfid_rc522_20261006_lab_terang_013.png","rfid_rc522","2026-10-07","belum_dicatat"
"rfid_rc522_20261006_lab_terang_014.png","rfid_rc522","2026-10-07","belum_dicatat"
"rfid_rc522_20261006_lab_terang_015.png","rfid_rc522","2026-10-07","belum_dicatat"
"rfid_rc522_20261006_lab_terang_016.png","rfid_rc522","2026-10-07","belum_dicatat"
"rfid_rc522_20261006_lab_terang_017.png","rfid_rc522","2026-10-07","belum_dicatat"
"rfid_rc522_20261006_lab_terang_018.png","rfid_rc522","2026-10-07","belum_dicatat"
"rfid_rc522_20261006_lab_terang_019.png","rfid_rc522","2026-10-07","belum_dicatat"
"rfid_rc522_20261006_lab_terang_020.png","rfid_rc522","2026-10-07","belum_dicatat"
"rfid_rc522_20261006_lab_terang_021.png","rfid_rc522","2026-10-07","belum_dicatat"
"rfid_rc522_20261006_lab_terang_022.png","rfid_rc522","2026-10-07","belum_dicatat"
"rfid_rc522_20261006_lab_terang_023.png","rfid_rc522","2026-10-07","belum_dicatat"
"rfid_rc522_20261006_lab_terang_024.png","rfid_rc522","2026-10-07","belum_dicatat"
"rfid_rc522_20261006_lab_terang_025.png","rfid_rc522","2026-10-07","belum_dicatat"
"rfid_rc522_20261006_lab_terang_026.png","rfid_rc522","2026-10-07","belum_dicatat"
"rfid_rc522_20261006_lab_terang_027.png","rfid_rc522","2026-10-07","belum_dicatat"
"rfid_rc522_20261006_lab_terang_028.png","rfid_rc522","2026-10-07","belum_dicatat"
"rfid_rc522_20261006_lab_terang_029.png","rfid_rc522","2026-10-07","belum_dicatat"
"rfid_rc522_20261006_lab_terang_030.png","rfid_rc522","2026-10-07","belum_dicatat"
"rfid_rc522_20261006_lab_terang_031.png","rfid_rc522","2026-10-07","belum_dicatat"
"rfid_rc522_20261006_lab_terang_032.png","rfid_rc522","2026-10-07","belum_dicatat"
"rfid_rc522_20261006_lab_terang_033.png","rfid_rc522","2026-10-07","belum_dicatat"
"rfid_rc522_20261006_lab_terang_034.png","rfid_rc522","2026-10-07","belum_dicatat"
"rfid_rc522_20261006_lab_terang_035.png","rfid_rc522","2026-10-07","belum_dicatat"
"rfid_rc522_20261006_lab_terang_036.png","rfid_rc522","2026-10-07","belum_dicatat"
"rfid_rc522_20261006_lab_terang_037.png","rfid_rc522","2026-10-07","belum_dicatat"
"rfid_rc522_20261006_lab_terang_038.png","rfid_rc522","2026-10-07","belum_dicatat"
"rfid_rc522_20261006_lab_terang_039.png","rfid_rc522","2026-10-07","belum_dicatat"
"rfid_rc522_20261006_lab_terang_040.png","rfid_rc522","2026-10-07","belum_dicatat"
"rfid_rc522_20261006_lab_terang_041.png","rfid_rc522","2026-10-07","belum_dicatat"
"rfid_rc522_20261006_lab_terang_042.png","rfid_rc522","2026-10-07","belum_dicatat"
"rfid_rc522_20261006_lab_terang_043.png","rfid_rc522","2026-10-07","belum_dicatat"
"rfid_rc522_20261006_lab_terang_044.png","rfid_rc522","2026-10-07","belum_dicatat"
"rfid_rc522_20261006_lab_terang_045.png","rfid_rc522","2026-10-07","belum_dicatat"
"rfid_rc522_20261006_lab_terang_046.png","rfid_rc522","2026-10-07","belum_dicatat"
"rfid_rc522_20261006_lab_terang_047.png","rfid_rc522","2026-10-07","belum_dicatat"
"rfid_rc522_20261006_lab_terang_048.png","rfid_rc522","2026-10-07","belum_dicatat"
"rfid_rc522_20261006_lab_terang_049.png","rfid_rc522","2026-10-07","belum_dicatat"
"rfid_rc522_20261006_lab_terang_050.png","rfid_rc522","2026-10-07","belum_dicatat"
"rfid_rc522_20261006_lab_terang_051.png","rfid_rc522","2026-10-07","belum_dicatat"
"rfid_rc522_20261006_lab_terang_052.png","rfid_rc522","2026-10-07","belum_dicatat"
"rfid_rc522_20261006_lab_terang_053.png","rfid_rc522","2026-10-07","belum_dicatat"
"rfid_rc522_20261006_lab_terang_054.png","rfid_rc522","2026-10-07","belum_dicatat"
"rfid_rc522_20261006_lab_terang_055.png","rfid_rc522","2026-10-07","belum_dicatat"
"rfid_rc522_20261006_lab_terang_056.png","rfid_rc522","2026-10-07","belum_dicatat"
"rfid_rc522_20261006_lab_terang_057.png","rfid_rc522","2026-10-07","belum_dicatat"
"rfid_rc522_20261006_lab_terang_058.png","rfid_rc522","2026-10-07","belum_dicatat"
"rfid_rc522_20261006_lab_terang_059.png","rfid_rc522","2026-10-07","belum_dicatat"
"rfid_rc522_20261006_lab_terang_060.png","rfid_rc522","2026-10-07","belum_dicatat"
"rfid_rc522_20261006_lab_terang_061.png","rfid_rc522","2026-10-07","belum_dicatat"
"rfid_rc522_20261006_lab_terang_062.png","rfid_rc522","2026-10-07","belum_dicatat"
"rfid_rc522_20261006_lab_terang_063.png","rfid_rc522","2026-10-07","belum_dicatat"
"rfid_rc522_20261006_lab_terang_064.png","rfid_rc522","2026-10-07","belum_dicatat"
"rfid_rc522_20261006_lab_terang_065.png","rfid_rc522","2026-10-07","belum_dicatat"
"rfid_rc522_20261006_lab_terang_066.png","rfid_rc522","2026-10-07","belum_dicatat"
"rfid_rc522_20261006_lab_terang_067.png","rfid_rc522","2026-10-07","belum_dicatat"
"rfid_rc522_20261006_lab_terang_068.png","rfid_rc522","2026-10-07","belum_dicatat"
"rfid_rc522_20261006_lab_terang_069.png","rfid_rc522","2026-10-07","belum_dicatat"
"rfid_rc522_20261006_lab_terang_070.png","rfid_rc522","2026-10-07","belum_dicatat"
